supporting_team_ids,leading_team_id,color,is_cross_team,name,jira_key,jira_status,linked_epic_keys,type,jira_progress,last_synced,prod_id,id,created_date,updated_date,created_by_id,created_by,is_sample
"[""69aff2f04b4fb2a08f82c193""]","69aff2f04b4fb2a08f82c193","blue","false","Meet AI - Teams by Microsoft v1","","","[]","Audio App","0","","PROD-215","69c4fad7d2a34fc607ce313c","2026-03-26T09:22:31.754000","2026-03-26T09:22:31.754000","69aff1e4245700ed2a34287c","benjamin.spiss@gmail.com","false"
"[""69b119dae2f92006c4346e61"",""69aff3c2522f033339b5d0d6""]","69aff3c2522f033339b5d0d6","teal","false","Bragi AI | Baseline | Onboarding UX |  App Clips ""Frictionless Pairing""","","","[]","Product | Baseline-App","0","","PROD-219","69c4fad7efff5ca3bf1208a9","2026-03-26T09:22:31.125000","2026-03-26T09:22:31.125000","69aff1e4245700ed2a34287c","benjamin.spiss@gmail.com","false"
"[""69aff3c2522f033339b5d0d6"",""69aff2f04b4fb2a08f82c193""]","69b119d6b705fe95e0c67bcf","pink","false","QCC | MVP of ""Bragi AI Custom"" for QCC S7 (Retail AI / HP)","","","[]","Product | Platform","0","","PROD-232","69c4fad6d0c8ed3145e708d3","2026-03-26T09:22:30.656000","2026-03-26T09:22:30.656000","69aff1e4245700ed2a34287c","benjamin.spiss@gmail.com","false"
"[""69aff2f04b4fb2a08f82c192""]","69aff3c2522f033339b5d0d6","orange","false","App without connected headphone (use smartphone mic and speaker)","","","[]","Product | Baseline-App","0","","PROD-249","69c4fad668fd77b36b1db9e4","2026-03-26T09:22:30.187000","2026-03-26T09:22:30.187000","69aff1e4245700ed2a34287c","benjamin.spiss@gmail.com","false"
"[""69aff2f04b4fb2a08f82c193""]","69aff2f04b4fb2a08f82c193","purple","false","Meeting Audio App","","","[]","Audio App","0","","PROD-268","69c4fad5b158941456e09017","2026-03-26T09:22:29.435000","2026-03-26T09:22:29.435000","69aff1e4245700ed2a34287c","benjamin.spiss@gmail.com","false"
"[""69b119dae2f92006c4346e61"",""69aff3c2522f033339b5d0d6""]","69aff2f04b4fb2a08f82c191","green","false","‼️ Bose BMAP integration with Bragi mSDK (for Bose Leo)","","","[]","New Opportunities","0","","PROD-307","69c4fad443a3f7fc62994eef","2026-03-26T09:22:28.980000","2026-03-26T09:22:28.980000","69aff1e4245700ed2a34287c","benjamin.spiss@gmail.com","false"
"[""69aff2f04b4fb2a08f82c192""]","69aff2f04b4fb2a08f82c193","blue","false","Trigger: Head gesture detected (noding, shaking) AB1585","","","[]","Capability","0","","PROD-344","69c4fad44c72ad01019f1806","2026-03-26T09:22:28.481000","2026-03-26T09:22:28.481000","69aff1e4245700ed2a34287c","benjamin.spiss@gmail.com","false"
"[""69aff2f04b4fb2a08f82c192""]","69aff2f04b4fb2a08f82c193","teal","false","Emotion detection for Strava Audio App","","","[]","Capability","0","","PROD-346","69c4fad3d855d6a9a9cf36c7","2026-03-26T09:22:27.981000","2026-03-26T09:22:27.981000","69aff1e4245700ed2a34287c","benjamin.spiss@gmail.com","false"
"[""69aff2f04b4fb2a08f82c192""]","69aff3c2522f033339b5d0d6","pink","false","Discovery | Tech foundation for GPT-powered services","","","[]","Product | Baseline-App","0","","PROD-359","69c4fad3bbea7d76eb1091f5","2026-03-26T09:22:27.272000","2026-03-26T09:22:27.272000","69aff1e4245700ed2a34287c","benjamin.spiss@gmail.com","false"
"[]","69aff3c2522f033339b5d0d6","orange","false","Bragi CX/DX Suite | Alpha | Bragi AI experiences management ","","","[]","Product | Bragi-DX/CX-Suite","0","","PROD-374","69c4fad268fd77b36b1db9e2","2026-03-26T09:22:26.774000","2026-03-26T09:22:26.774000","69aff1e4245700ed2a34287c","benjamin.spiss@gmail.com","false"
"[]","69aff3c2522f033339b5d0d6","purple","false","Bragi AI app | w/  AI chat bot optimised for post-e-comm sales.","","","[]","Product | Bragi-app","0","","PROD-378","69c4fad2a10fee863fabeafc","2026-03-26T09:22:26.301000","2026-03-26T09:22:26.301000","69aff1e4245700ed2a34287c","benjamin.spiss@gmail.com","false"
"[]","69aff3c2522f033339b5d0d6","green","false","Bragi AI | Baseline | Community | AA testimonials","","","[]","Product | Baseline-App","0","","PROD-379","69c4fad15a51cf6e0893f3ce","2026-03-26T09:22:25.822000","2026-03-26T09:22:25.822000","69aff1e4245700ed2a34287c","benjamin.spiss@gmail.com","false"
"[]","69aff3c2522f033339b5d0d6","blue","false","Bragi AI | Loyalty programs & Gamification kick-off","","","[]","Product | Baseline-App","0","","PROD-381","69c4fad1110e17395f215179","2026-03-26T09:22:25.308000","2026-03-26T09:22:25.308000","69aff1e4245700ed2a34287c","benjamin.spiss@gmail.com","false"
"[]","69aff3c2522f033339b5d0d6","teal","false","Bragi AI app |  Tailored shopping experience for registered users.","","","[]","Product | Bragi-app","0","","PROD-382","69c4fad06f409492fcde0d8d","2026-03-26T09:22:24.812000","2026-03-26T09:22:24.812000","69aff1e4245700ed2a34287c","benjamin.spiss@gmail.com","false"
"[]","69aff3c2522f033339b5d0d6","pink","false","Bragi AI | Play to earn","","","[]","Product | Baseline-App","0","","PROD-383","69c4fad00e9df1b3636e658e","2026-03-26T09:22:24.293000","2026-03-26T09:22:24.293000","69aff1e4245700ed2a34287c","benjamin.spiss@gmail.com","false"
"[""69b119dae2f92006c4346e61"",""69aff2f04b4fb2a08f82c191"",""69aff3c2522f033339b5d0d6""]","69b119d6b705fe95e0c67bcf","orange","false","Bragi AI – Self-service Concept for 3rd Party embedded SW Integration","","","[]","Product | Platform","0","","PROD-389","69c4facf8f3a9940c999d9f6","2026-03-26T09:22:23.797000","2026-03-26T09:22:23.797000","69aff1e4245700ed2a34287c","benjamin.spiss@gmail.com","false"
"[""69aff2f04b4fb2a08f82c192""]","69aff2f04b4fb2a08f82c193","purple","false","Trigger: Noise environment change detected","","","[]","Capability","0","","PROD-410","69c4facf9caaaeb5f22569d7","2026-03-26T09:22:23.336000","2026-03-26T09:22:23.336000","69aff1e4245700ed2a34287c","benjamin.spiss@gmail.com","false"
"[""69aff2f04b4fb2a08f82c193""]","69aff2f04b4fb2a08f82c193","green","false","Mini BAATS v1.6 (10 devices, Reporting)","","","[]","Capability","0","","PROD-411","69c4face12cd1f79d982c8e7","2026-03-26T09:22:22.853000","2026-03-26T09:22:22.853000","69aff1e4245700ed2a34287c","benjamin.spiss@gmail.com","false"
"[""69aff2f04b4fb2a08f82c192""]","69aff2f04b4fb2a08f82c193","blue","false","Trigger: Someone started/stopped speaking","","","[]","Capability","0","","PROD-438","69c4face4deb110f6b852870","2026-03-26T09:22:22.363000","2026-03-26T09:22:22.363000","69aff1e4245700ed2a34287c","benjamin.spiss@gmail.com","false"
"[""69aff2f04b4fb2a08f82c191"",""69aff3c2522f033339b5d0d6""]","69b119d6b705fe95e0c67bcf","teal","false","""BOS Applet"" Scripting Module","","","[]","Capability","0","","PROD-453","69c4facd91b11a0e778ee30c","2026-03-26T09:22:21.885000","2026-03-26T09:22:21.885000","69aff1e4245700ed2a34287c","benjamin.spiss@gmail.com","false"
"[]","69aff3c2522f033339b5d0d6","pink","false","Unified iOS & Android release management w/ end-to-end automation","","","[]","Product | Baseline-App","0","","PROD-522","69c4faccf0e2fe6457162904","2026-03-26T09:22:20.429000","2026-03-26T09:22:20.429000","69aff1e4245700ed2a34287c","benjamin.spiss@gmail.com","false"
"[]","69aff3c2522f033339b5d0d6","orange","false"," Bragi AI | Baseline | UIUX | Loading states","","","[]","Product | Baseline-App","0","","PROD-526","69c4facbedbc5daadd84b70a","2026-03-26T09:22:19.977000","2026-03-26T09:22:19.977000","69aff1e4245700ed2a34287c","benjamin.spiss@gmail.com","false"
"[""69aff2f04b4fb2a08f82c192""]","69aff3c2522f033339b5d0d6","purple","false","Bragi AI app | End-user audio app store purchase | Credit based system | Public Beta","","","[]","Product | Bragi-app","0","","PROD-531","69c4facb72a589a03b631a2b","2026-03-26T09:22:19.510000","2026-03-26T09:22:19.510000","69aff1e4245700ed2a34287c","benjamin.spiss@gmail.com","false"
"[]","69aff3c2522f033339b5d0d6","green","false","Bragi AI app | Customer Support infra","","","[]","Product | Bragi-app","0","","PROD-536","69c4facaaa3b0bf10aa1dc76","2026-03-26T09:22:18.917000","2026-03-26T09:22:18.917000","69aff1e4245700ed2a34287c","benjamin.spiss@gmail.com","false"
"[""69aff2f04b4fb2a08f82c192"",""69aff2f04b4fb2a08f82c193""]","69aff3c2522f033339b5d0d6","blue","false","Bragi AI |  Baseline | China availability","","","[]","Product | Baseline-App","0","","PROD-538","69c4fac9bdc1f3c2c07c26d4","2026-03-26T09:22:17.910000","2026-03-26T09:22:17.910000","69aff1e4245700ed2a34287c","benjamin.spiss@gmail.com","false"
"[]","69aff3c2522f033339b5d0d6","teal","false","Bragi AI | Baseline | Universal iOS Archi & Kotlin Multiplatform PoC","","","[]","Product | Baseline-App","0","","PROD-540","69c4fac90a300a593641fd84","2026-03-26T09:22:17.450000","2026-03-26T09:22:17.450000","69aff1e4245700ed2a34287c","benjamin.spiss@gmail.com","false"
"[]","69aff3c2522f033339b5d0d6","pink","false","Bragi DX/CX suite portal | Public Launch | v1.0.0 | Q1-Q2 2026","","","[]","Product | Bragi-DX/CX-Suite","0","","PROD-558","69c4fac890c20971b78fd6a0","2026-03-26T09:22:16.901000","2026-03-26T09:22:16.901000","69aff1e4245700ed2a34287c","benjamin.spiss@gmail.com","false"
"[]","69aff2f04b4fb2a08f82c193","orange","false","Voice AI v3 (Audio Chain, Multiple Speakers & Improvements)","","","[]","Feature","0","","PROD-612","69c4fac7cd83ecad3f76c6e5","2026-03-26T09:22:15.899000","2026-03-26T09:22:15.899000","69aff1e4245700ed2a34287c","benjamin.spiss@gmail.com","false"
"[""69aff3c2522f033339b5d0d6""]","69aff2f04b4fb2a08f82c191","purple","false","mSDK self-integration Concept & Blueprint Part II – 3rd party SW Vendors","","","[]","Product | Platform","0","","PROD-615","69c4fac7ac47768058836493","2026-03-26T09:22:15.403000","2026-03-26T09:22:15.403000","69aff1e4245700ed2a34287c","benjamin.spiss@gmail.com","false"
"[""69aff3c2522f033339b5d0d6"",""69aff2f04b4fb2a08f82c192""]","69aff3c2522f033339b5d0d6","green","false","Bragi AI | Baseline |  Evolution | App Web Kit integration","","","[]","Product | Baseline-App","0","","PROD-675","69c4fac648b651d754a0e27a","2026-03-26T09:22:14.445000","2026-03-26T09:22:14.445000","69aff1e4245700ed2a34287c","benjamin.spiss@gmail.com","false"
"[""69aff3c2522f033339b5d0d6""]","69b119dae2f92006c4346e61","blue","false","Audio App | Headphone Stereo Crossfeed","","","[]","Feature","0","","PROD-682","69c4fac55627645ec59e5a6a","2026-03-26T09:22:13.963000","2026-03-26T09:22:13.963000","69aff1e4245700ed2a34287c","benjamin.spiss@gmail.com","false"
"[]","69aff2f04b4fb2a08f82c193","teal","false","Notes Audio App v1.0 (web based)","","","[]","Audio App","0","","PROD-701","69c4fac5f57507fd39eecbed","2026-03-26T09:22:13.457000","2026-03-26T09:22:13.457000","69aff1e4245700ed2a34287c","benjamin.spiss@gmail.com","false"
"[]","69aff3c2522f033339b5d0d6","pink","false","Bragi AI | Baseline | RevenueCat Integration","","","[]","Product | Store","0","","PROD-708","69c4fac43575e3e3b086fefd","2026-03-26T09:22:12.945000","2026-03-26T09:22:12.945000","69aff1e4245700ed2a34287c","benjamin.spiss@gmail.com","false"
"[""69aff2f04b4fb2a08f82c193""]","69aff2f04b4fb2a08f82c192","orange","false","Voice AI part of Product AI","","","[]","Audio App","0","","PROD-710","69c4fac42674c3ab7a13f3f0","2026-03-26T09:22:12.477000","2026-03-26T09:22:12.477000","69aff1e4245700ed2a34287c","benjamin.spiss@gmail.com","false"
"[]","69aff2f04b4fb2a08f82c192","purple","false","Innovation Rush: Eval 3rd party agentic paltforms for 3rd party devs","","","[]","Audio App","0","","PROD-738","69c4fac4c220fdc504ea2917","2026-03-26T09:22:12.015000","2026-03-26T09:22:12.015000","69aff1e4245700ed2a34287c","benjamin.spiss@gmail.com","false"
"[]","69aff2f04b4fb2a08f82c192","green","false","Innovation Rush: Eval MCP servers for faster intergration of 3rd party with agents","","","[]","Audio App","0","","PROD-818","69c4fac35cd011e1cadfb517","2026-03-26T09:22:11.540000","2026-03-26T09:22:11.540000","69aff1e4245700ed2a34287c","benjamin.spiss@gmail.com","false"
"[""69aff2f04b4fb2a08f82c193""]","69aff2f04b4fb2a08f82c193","blue","false","Go AI v1","","","[]","Audio App","0","","PROD-820","69c4fac3a153dd51a8c8009e","2026-03-26T09:22:11.021000","2026-03-26T09:22:11.021000","69aff1e4245700ed2a34287c","benjamin.spiss@gmail.com","false"
"[""69aff2f04b4fb2a08f82c191"",""69aff3c2522f033339b5d0d6"",""69aff2f04b4fb2a08f82c192""]","69b119cecb30e08ae1f2238d","teal","false","Belkin - SAP170 (JL7016G6 TWS) ","","","[]","Product | Customer","0","","PROD-846","69c4fac2dd7771b866968ab0","2026-03-26T09:22:10.544000","2026-03-26T09:22:10.544000","69aff1e4245700ed2a34287c","benjamin.spiss@gmail.com","false"
"[""69b119d6b705fe95e0c67bcf"",""69aff2f04b4fb2a08f82c191"",""69aff3c2522f033339b5d0d6"",""69aff2f04b4fb2a08f82c192""]","69b119cecb30e08ae1f2238d","pink","false","Belkin - App V1.0","","","[]","Product | Customer Release","0","","PROD-849","69c4fac253b11a942e4900a8","2026-03-26T09:22:10.075000","2026-03-26T09:22:10.075000","69aff1e4245700ed2a34287c","benjamin.spiss@gmail.com","false"
"[""69aff2f04b4fb2a08f82c193""]","69aff2f04b4fb2a08f82c192","orange","false","Reactive Voice AI v0.1 (iOS MVP)","","","[]","Audio App","0","","PROD-882","69c4fac029e356744cb43ecc","2026-03-26T09:22:08.965000","2026-03-26T09:22:08.965000","69aff1e4245700ed2a34287c","benjamin.spiss@gmail.com","false"
"[""69aff2f04b4fb2a08f82c192"",""69aff2f04b4fb2a08f82c193""]","69aff2f04b4fb2a08f82c192","purple","false","Audio AppKit v1.5","","","[]","Audio App","0","","PROD-947","69c4fabf91be17c90031f091","2026-03-26T09:22:07.391000","2026-03-26T09:22:07.391000","69aff1e4245700ed2a34287c","benjamin.spiss@gmail.com","false"
"[""69aff2f04b4fb2a08f82c191"",""69b119cecb30e08ae1f2238d""]","69b119dae2f92006c4346e61","green","false","Tech Roadmap | Airoha | Baseline Refactoring and ""Slim Down""","","","[]","Tech Roadmap","0","","PROD-963","69c4fabe38276c6a3676fa8f","2026-03-26T09:22:06.920000","2026-03-26T09:22:06.920000","69aff1e4245700ed2a34287c","benjamin.spiss@gmail.com","false"
"[""69aff2f04b4fb2a08f82c193""]","69aff2f04b4fb2a08f82c193","blue","false","Voice AI V2 (on device NLU for flexible product control) (Bose Workbench))","","","[]","Feature","0","","PROD-971","69c4fabe561bd738d18ff863","2026-03-26T09:22:06.430000","2026-03-26T09:22:06.430000","69aff1e4245700ed2a34287c","benjamin.spiss@gmail.com","false"
"[""69aff2f04b4fb2a08f82c192"",""69aff2f04b4fb2a08f82c193""]","69aff2f04b4fb2a08f82c193","teal","false","AA Dashboard v1.2 (for all new internal AA)","","","[]","Audio App","0","","PROD-1001","69c4fabdf6c339356dbc59bb","2026-03-26T09:22:05.042000","2026-03-26T09:22:05.042000","69aff1e4245700ed2a34287c","benjamin.spiss@gmail.com","false"
"[""69aff2f04b4fb2a08f82c192"",""69aff2f04b4fb2a08f82c193""]","69aff2f04b4fb2a08f82c192","pink","false","Audio AppKit v1.4 (for exernal AA)","","","[]","Audio App","0","","PROD-1002","69c4fabc7d4fbd2d8b8e920b","2026-03-26T09:22:04.578000","2026-03-26T09:22:04.578000","69aff1e4245700ed2a34287c","benjamin.spiss@gmail.com","false"
"[""69aff2f04b4fb2a08f82c192"",""69aff2f04b4fb2a08f82c193""]","69aff2f04b4fb2a08f82c192","orange","false","Audio AppKit v1.3 (deploy AA without any code change, Agents config Chat v2.0, Playground, MCP, Memory, remove VC dependency)","","","[]","Audio App","0","","PROD-1006","69c4fabc03c3fa87a96e2518","2026-03-26T09:22:04.009000","2026-03-26T09:22:04.009000","69aff1e4245700ed2a34287c","benjamin.spiss@gmail.com","false"
"[""69aff2f04b4fb2a08f82c192"",""69aff2f04b4fb2a08f82c193""]","69aff2f04b4fb2a08f82c192","purple","false","Brand Agent v2.1.0 (+Improvements)","","","[]","Audio App","0","","PROD-1016","69c4fabb5a07717d669a0dfe","2026-03-26T09:22:03.525000","2026-03-26T09:22:03.525000","69aff1e4245700ed2a34287c","benjamin.spiss@gmail.com","false"
"[""69aff2f04b4fb2a08f82c192"",""69aff2f04b4fb2a08f82c193""]","69aff2f04b4fb2a08f82c192","green","false","Skullcandy Skull AI v1.1.0 (on device STT and TTS)","","","[]","Audio App","0","","PROD-1018","69c4fabae70f51eaf4e4e89a","2026-03-26T09:22:02.958000","2026-03-26T09:22:02.958000","69aff1e4245700ed2a34287c","benjamin.spiss@gmail.com","false"
"[""69aff2f04b4fb2a08f82c192"",""69aff2f04b4fb2a08f82c193""]","69aff2f04b4fb2a08f82c192","blue","false","Brand Agent v1.3.0 (on device STT &TTS)","","","[]","Audio App","0","","PROD-1019","69c4faba7c3530764ae9580a","2026-03-26T09:22:02.491000","2026-03-26T09:22:02.491000","69aff1e4245700ed2a34287c","benjamin.spiss@gmail.com","false"
"[""69aff2f04b4fb2a08f82c192"",""69aff2f04b4fb2a08f82c193""]","69aff2f04b4fb2a08f82c193","teal","false","Voice AI - Button to Voice, PTT v2","","","[]","Capability","0","","PROD-1023","69c4fab91928960fef82ac6a","2026-03-26T09:22:01.938000","2026-03-26T09:22:01.938000","69aff1e4245700ed2a34287c","benjamin.spiss@gmail.com","false"
"[""69aff2f04b4fb2a08f82c192"",""69aff2f04b4fb2a08f82c193""]","69aff2f04b4fb2a08f82c192","pink","false","Bragi Agent  v1.0.0 (Bragi Brand Agent for demos)","","","[]","Audio App","0","","PROD-1054","69c4fab97b3cd3addf0f0e2f","2026-03-26T09:22:01.479000","2026-03-26T09:22:01.479000","69aff1e4245700ed2a34287c","benjamin.spiss@gmail.com","false"
"[]","69aff2f04b4fb2a08f82c193","orange","false","Memory GPT","","","[]","Audio App","0","","PROD-1063","69c4fab8a7f301b632b253c6","2026-03-26T09:22:00.980000","2026-03-26T09:22:00.980000","69aff1e4245700ed2a34287c","benjamin.spiss@gmail.com","false"
"[""69aff2f04b4fb2a08f82c191"",""69aff3c2522f033339b5d0d6"",""69aff2f04b4fb2a08f82c192""]","69b119cecb30e08ae1f2238d","purple","false","Belkin - SAP175 (JL7103D6 TWS) ","","","[]","Product | Customer","0","","PROD-1065","69c4fab8c232638a97181133","2026-03-26T09:22:00.519000","2026-03-26T09:22:00.519000","69aff1e4245700ed2a34287c","benjamin.spiss@gmail.com","false"
"[""69aff2f04b4fb2a08f82c191"",""69aff3c2522f033339b5d0d6"",""69aff2f04b4fb2a08f82c192""]","69b119cecb30e08ae1f2238d","green","false","Belkin - SAP181 (JL7103D6 TWS) ","","","[]","Product | Customer","0","","PROD-1066","69c4fab829343a68416bacb8","2026-03-26T09:22:00.034000","2026-03-26T09:22:00.034000","69aff1e4245700ed2a34287c","benjamin.spiss@gmail.com","false"
"[""69aff2f04b4fb2a08f82c192"",""69aff2f04b4fb2a08f82c193""]","69aff3c2522f033339b5d0d6","blue","false","AppKit | Infra Ready to be deployed China","","","[]","Product | AppKit","0","","PROD-1069","69c4fab7bf5ef3eac85b7d8c","2026-03-26T09:21:59.553000","2026-03-26T09:21:59.553000","69aff1e4245700ed2a34287c","benjamin.spiss@gmail.com","false"
"[]","69aff3c2522f033339b5d0d6","purple","false","Bragi CX Suite | Enabling Bragi AI Network effects","","","[]","Product | Bragi-DX/CX-Suite","0","","PROD-1071","69c4f9e5386e747ae8f079c0","2026-03-26T09:18:29.277000","2026-03-26T09:18:29.277000","69aff1e4245700ed2a34287c","benjamin.spiss@gmail.com","false"
"[]","69aff3c2522f033339b5d0d6","green","false","Bragi CMS v2.1 | Enables AppKit configuration","","","[]","Product | Bragi-DX/CX-Suite","0","","PROD-1072","69c4f9e486d77e09861dc087","2026-03-26T09:18:28.567000","2026-03-26T09:18:28.567000","69aff1e4245700ed2a34287c","benjamin.spiss@gmail.com","false"
"[""69aff2f04b4fb2a08f82c191""]","69b119dae2f92006c4346e61","blue","false","Update baseline to latest Airoha SDK 5.8 (AB157x, AB158x, AB159x)","","","[]","Roadmap Initiative","0","","PROD-1082","69c4f9e3a30eb823519d268f","2026-03-26T09:18:27.955000","2026-03-26T09:18:27.955000","69aff1e4245700ed2a34287c","benjamin.spiss@gmail.com","false"
"[""69b119d6b705fe95e0c67bcf"",""69aff2f04b4fb2a08f82c191""]","69b119dae2f92006c4346e61","teal","false","Bragi Platform | Make App Connection mandatory before allowing BT Classic connection","","","[]","Roadmap Initiative","0","","PROD-1110","69c4f9e311f487a6e487abb2","2026-03-26T09:18:27.410000","2026-03-26T09:18:27.410000","69aff1e4245700ed2a34287c","benjamin.spiss@gmail.com","false"
"[""69aff3c2522f033339b5d0d6""]","69aff3c2522f033339b5d0d6","pink","false","Cloud Domain | Customer Usage Metering","","","[]","Strategy","0","","PROD-1118","69c4f9e21f8e7cd0e6b2e645","2026-03-26T09:18:26.812000","2026-03-26T09:18:26.812000","69aff1e4245700ed2a34287c","benjamin.spiss@gmail.com","false"
"[""69aff2f04b4fb2a08f82c192"",""69aff2f04b4fb2a08f82c193""]","69aff2f04b4fb2a08f82c193","orange","false","Dev Portal v1.4 (for exernal AA)","","","[]","Audio App","0","","PROD-1165","69c4f9e11928960fef82ab9d","2026-03-26T09:18:25.120000","2026-03-26T09:18:25.120000","69aff1e4245700ed2a34287c","benjamin.spiss@gmail.com","false"
"[""69aff2f04b4fb2a08f82c192"",""69aff2f04b4fb2a08f82c193""]","69aff2f04b4fb2a08f82c193","purple","false","Dev Portal v1.5","","","[]","Audio App","0","","PROD-1166","69c4f9e0e739fe98839a13f1","2026-03-26T09:18:24.565000","2026-03-26T09:18:24.565000","69aff1e4245700ed2a34287c","benjamin.spiss@gmail.com","false"
"[""69aff2f04b4fb2a08f82c192"",""69aff2f04b4fb2a08f82c193""]","69aff2f04b4fb2a08f82c193","green","false","Dev Portal v1.3 (deploy AA without any code change, Agents config Chat v2.0, Playground, MCP, Memory, remove VC dependency)","","","[]","Audio App","0","","PROD-1167","69c4f9df306cd90a50c527fe","2026-03-26T09:18:23.975000","2026-03-26T09:18:23.975000","69aff1e4245700ed2a34287c","benjamin.spiss@gmail.com","false"
"[]","69aff2f04b4fb2a08f82c192","blue","false","Control AI v1.1 (on phone STT, TTS, LLM)","","","[]","Audio App","0","","PROD-1181","69c4f9dea87ed41663a224fb","2026-03-26T09:18:22.695000","2026-03-26T09:18:22.695000","69aff1e4245700ed2a34287c","benjamin.spiss@gmail.com","false"
"[""69aff2f04b4fb2a08f82c191"",""69aff3c2522f033339b5d0d6"",""69aff2f04b4fb2a08f82c192""]","69b119cecb30e08ae1f2238d","teal","false","Altec Lansing - AL Hydrabuds App V1.0","","","[]","Product | Customer Release","0","","PROD-1189","69c4f9de0ca5fe53789366ca","2026-03-26T09:18:22.140000","2026-03-26T09:18:22.140000","69aff1e4245700ed2a34287c","benjamin.spiss@gmail.com","false"
"[""69b119dae2f92006c4346e61""]","69aff3c2522f033339b5d0d6","pink","false","mimi mandatory SDK Update to 11.5.0 or later","","","[]","Roadmap Initiative","0","","PROD-1216","69c4f9dd8b50b316d28b179f","2026-03-26T09:18:21.624000","2026-03-26T09:18:21.624000","69aff1e4245700ed2a34287c","benjamin.spiss@gmail.com","false"
"[""69aff2f04b4fb2a08f82c193""]","69aff2f04b4fb2a08f82c193","orange","false","Stingray Music v1 (biz dev requ.)","","","[]","Audio App","0","","PROD-1217","69c4f9dd3953fdf3e6bb90e2","2026-03-26T09:18:21.090000","2026-03-26T09:18:21.090000","69aff1e4245700ed2a34287c","benjamin.spiss@gmail.com","false"
"[""69aff2f04b4fb2a08f82c193""]","69aff2f04b4fb2a08f82c193","purple","false","Stingray Calm v1 (biz dev requ.)","","","[]","Audio App","0","","PROD-1218","69c4f9dc5c3dc9fc4aea3936","2026-03-26T09:18:20.295000","2026-03-26T09:18:20.295000","69aff1e4245700ed2a34287c","benjamin.spiss@gmail.com","false"
"[""69aff2f04b4fb2a08f82c192"",""69aff2f04b4fb2a08f82c193"",""69b119cecb30e08ae1f2238d""]","69aff3c2522f033339b5d0d6","green","false","Store | D2C | One Subscription bundle","","","[]","Product | Store","0","","PROD-1219","69c4f9db3ef330782ba60db0","2026-03-26T09:18:19.762000","2026-03-26T09:18:19.762000","69aff1e4245700ed2a34287c","benjamin.spiss@gmail.com","false"
"[""69aff2f04b4fb2a08f82c192"",""69aff2f04b4fb2a08f82c193""]","69aff2f04b4fb2a08f82c192","blue","false","Brand Agent v1.2.0 (for China)","","","[]","Audio App","0","","PROD-1220","69c4f9dba6fd631ffcaae1df","2026-03-26T09:18:19.178000","2026-03-26T09:18:19.178000","69aff1e4245700ed2a34287c","benjamin.spiss@gmail.com","false"
"[""69aff3c2522f033339b5d0d6"",""69aff2f04b4fb2a08f82c193"",""69aff2f04b4fb2a08f82c192"",""69aff2f04b4fb2a08f82c191"",""69b119cecb30e08ae1f2238d"",""69b119dae2f92006c4346e61""]","69b119d6b705fe95e0c67bcf","#6366f1","false","Time Off","","","[]","Feature","0","","","69c252cb4d039a673a6dae0f","2026-03-24T09:00:59.635000","2026-03-24T12:32:54.837000","69aff1e4245700ed2a34287c","benjamin.spiss@gmail.com","false"
"[""69aff2f04b4fb2a08f82c192""]","69aff3c2522f033339b5d0d6","teal","false","mimi - Personal Hearing Upgrade v2.4 (mobile SDK gen10)","","","","Feature","","","PROD-54","69b185dbe1b90ccab6d02259","2026-03-11T15:10:19.963000","2026-03-11T15:10:19.963000","69aff1e4245700ed2a34287c","benjamin.spiss@gmail.com","false"
"[]","69aff3c2522f033339b5d0d6","pink","false","Bragi AI | Baseline | Offer an alternative payment solution to end-consumers w/ Paddle or alike.","","","","Product | Store","","","PROD-93","69b185dbd8915a42862557ec","2026-03-11T15:10:19.512000","2026-03-11T15:10:19.512000","69aff1e4245700ed2a34287c","benjamin.spiss@gmail.com","false"
"[""69aff2f04b4fb2a08f82c192""]","69aff3c2522f033339b5d0d6","orange","false","Bragi CMSv2 | Work smarter, not harder w/ CMS for Bragi app configurations - Cloud only","","","","Product | Bragi-DX/CX-Suite","","","PROD-171","69b185db932fb02373b58c15","2026-03-11T15:10:19.049000","2026-03-11T15:10:19.049000","69aff1e4245700ed2a34287c","benjamin.spiss@gmail.com","false"
"[""69aff3c2522f033339b5d0d6""]","69b119dae2f92006c4346e61","purple","false","LE Audio Auracast v2 | Easy Broadcast Sharing","","","","Feature","","","PROD-298","69b185da78b3165e77b02bee","2026-03-11T15:10:18.556000","2026-03-11T15:10:18.556000","69aff1e4245700ed2a34287c","benjamin.spiss@gmail.com","false"
"[""69aff3c2522f033339b5d0d6""]","69aff2f04b4fb2a08f82c191","green","false","AI Display V1 | Bragi AI Charger Platform RDP v1.0 (JL701n) ","","","","Product | Platform","","","PROD-299","69b185dad24a0c03be75b9f0","2026-03-11T15:10:18.062000","2026-03-11T15:10:18.062000","69aff1e4245700ed2a34287c","benjamin.spiss@gmail.com","false"
"[""69b119d6b705fe95e0c67bcf"",""69aff3c2522f033339b5d0d6"",""69b119cecb30e08ae1f2238d""]","69aff2f04b4fb2a08f82c191","blue","false","Bragi AI SOC Kit – Bragi AI PRO mSDK Test App v2 (Self-Certification Tool for 3rd parties)","","","","Product | Platform","","","PROD-322","69b185d9a163278f40a909c3","2026-03-11T15:10:17.517000","2026-03-11T15:10:17.517000","69aff1e4245700ed2a34287c","benjamin.spiss@gmail.com","false"
"[]","69aff3c2522f033339b5d0d6","teal","false","Cloud Domain | Strengthen and Secure the Cloud Foundation","","","","Tech Roadmap","","","PROD-332","69b185d8f13792be1a6b73e5","2026-03-11T15:10:16.936000","2026-03-11T15:10:16.936000","69aff1e4245700ed2a34287c","benjamin.spiss@gmail.com","false"
"[]","69aff3c2522f033339b5d0d6","pink","false","Bragi Reporting | Multi-Brand IAP Aggregation Dashboard","","","","Product | Analytics & Reporting","","","PROD-376","69b185d80bda98c21dbe870a","2026-03-11T15:10:16.402000","2026-03-11T15:10:16.402000","69aff1e4245700ed2a34287c","benjamin.spiss@gmail.com","false"
"[""69b119cecb30e08ae1f2238d""]","69aff2f04b4fb2a08f82c191","orange","false","Bragi AI SOC Kit | Self-Test, Infrastructure & Tools V1","","","[]","Product | Platform","0","","PROD-457","69b185d7275806d272762c2c","2026-03-11T15:10:15.903000","2026-03-26T09:22:21.417000","69aff1e4245700ed2a34287c","benjamin.spiss@gmail.com","false"
"[""69aff2f04b4fb2a08f82c193""]","69aff2f04b4fb2a08f82c193","purple","false","TuneIn v1 (biz dev requ.)","","","[]","Audio App","0","","PROD-458","69b185d7bb616e3331635857","2026-03-11T15:10:15.412000","2026-03-26T09:22:20.924000","69aff1e4245700ed2a34287c","benjamin.spiss@gmail.com","false"
"[]","69aff3c2522f033339b5d0d6","green","false","UI Automation Runs + Reports + Coverage (Ongoing Initiative)","","","","Tech Roadmap","","","PROD-463","69b185d6391daac167a9a45f","2026-03-11T15:10:14.925000","2026-03-11T15:10:14.925000","69aff1e4245700ed2a34287c","benjamin.spiss@gmail.com","false"
"[""69aff2f04b4fb2a08f82c193""]","69aff2f04b4fb2a08f82c193","blue","false","Voice AI V1.5 (4x fixed Shortcut Hotwords)","","","","Feature","","","PROD-475","69b185d65d3b50ed6955016c","2026-03-11T15:10:14.418000","2026-03-11T15:10:14.418000","69aff1e4245700ed2a34287c","benjamin.spiss@gmail.com","false"
"[""69aff2f04b4fb2a08f82c193""]","69aff2f04b4fb2a08f82c193","teal","false","Playground Audio App","","","","Audio App","","","PROD-486","69b185d5e94ea0cd22ba2f03","2026-03-11T15:10:13.925000","2026-03-11T15:10:13.925000","69aff1e4245700ed2a34287c","benjamin.spiss@gmail.com","false"
"[""69aff2f04b4fb2a08f82c193""]","69aff2f04b4fb2a08f82c193","pink","false","Play for Soundcloud v1.0","","","","Audio App","","","PROD-491","69b185d5c82acc0b6310a09d","2026-03-11T15:10:13.414000","2026-03-11T15:10:13.414000","69aff1e4245700ed2a34287c","benjamin.spiss@gmail.com","false"
"[]","69aff3c2522f033339b5d0d6","orange","false","CMSv2.1 | w/ Bragi AI branded app Self-built","","","","Product | Bragi-DX/CX-Suite","","","PROD-519","69b185d4afd332fb9731400b","2026-03-11T15:10:12.904000","2026-03-11T15:10:12.904000","69aff1e4245700ed2a34287c","benjamin.spiss@gmail.com","false"
"[""69aff3c2522f033339b5d0d6"",""69aff2f04b4fb2a08f82c192""]","69aff3c2522f033339b5d0d6","purple","false","Bragi AI | Baseline | Optimise App Accessibility Foundation","","","","Product | Baseline-App","","","PROD-525","69b185d44971e0ff7bb3e873","2026-03-11T15:10:12.389000","2026-03-11T15:10:12.389000","69aff1e4245700ed2a34287c","benjamin.spiss@gmail.com","false"
"[""69aff2f04b4fb2a08f82c192""]","69aff3c2522f033339b5d0d6","green","false","Bragi AI |  Baseline | Update analytics coverage for Shortcuts, Audio AI apps","","","","Product | Analytics & Reporting","","","PROD-527","69b185d3f8d40a9f60eecfef","2026-03-11T15:10:11.905000","2026-03-11T15:10:11.905000","69aff1e4245700ed2a34287c","benjamin.spiss@gmail.com","false"
"[""69aff2f04b4fb2a08f82c192""]","69aff3c2522f033339b5d0d6","blue","false","AI Headphones app XP | Available for Customer Branded apps | Beginning of Q1 2025","","","","Product | Baseline-App","","","PROD-553","69b185d3e886369429a4e9cd","2026-03-11T15:10:11.422000","2026-03-11T15:10:11.422000","69aff1e4245700ed2a34287c","benjamin.spiss@gmail.com","false"
"[]","69aff3c2522f033339b5d0d6","teal","false","AI Monetisation MVP: Streamlining Subscription and Credit Options for Fast Launch","","","","Product | Baseline-App","","","PROD-569","69b185d20b96e0741cd32a83","2026-03-11T15:10:10.940000","2026-03-11T15:10:10.940000","69aff1e4245700ed2a34287c","benjamin.spiss@gmail.com","false"
"[""69aff3c2522f033339b5d0d6"",""69b119cecb30e08ae1f2238d""]","69aff2f04b4fb2a08f82c191","pink","false","Bragi AI | Platform Governance System v1","","","[]","Capability","0","","PROD-579","69b185d2385a54364f0e8185","2026-03-11T15:10:10.434000","2026-03-26T09:22:16.410000","69aff1e4245700ed2a34287c","benjamin.spiss@gmail.com","false"
"[""69aff2f04b4fb2a08f82c193""]","69aff2f04b4fb2a08f82c193","orange","false","Motion AI v1.0 (Head nod&shake for AB1585)","","","","Feature","","","PROD-585","69b185d1c12a2de9846a99da","2026-03-11T15:10:09.161000","2026-03-11T15:10:09.161000","69aff1e4245700ed2a34287c","benjamin.spiss@gmail.com","false"
"[""69b119d6b705fe95e0c67bcf"",""69aff3c2522f033339b5d0d6""]","69b119cecb30e08ae1f2238d","purple","false","Copy of AI Speakerphone RDP (""Dola Cose"")","","","","Product | Platform","","","PROD-587","69b185d0ef519fbcc85c5232","2026-03-11T15:10:08.679000","2026-03-11T15:10:08.679000","69aff1e4245700ed2a34287c","benjamin.spiss@gmail.com","false"
"[""69aff2f04b4fb2a08f82c193""]","69aff2f04b4fb2a08f82c193","green","false","Play for Deezer v1.0","","","","Audio App","","","PROD-603","69b185d08d59847d9bfeb4bb","2026-03-11T15:10:08.185000","2026-03-11T15:10:08.185000","69aff1e4245700ed2a34287c","benjamin.spiss@gmail.com","false"
"[""69aff2f04b4fb2a08f82c191"",""69aff3c2522f033339b5d0d6""]","69b119dae2f92006c4346e61","blue","false","LE Audio Auracast v1.0 | AB1595 (CHP300)","","","","Feature","","","PROD-609","69b185cfe00b8ea982ae3b5f","2026-03-11T15:10:07.698000","2026-03-11T15:10:07.698000","69aff1e4245700ed2a34287c","benjamin.spiss@gmail.com","false"
"[""69aff2f04b4fb2a08f82c191""]","69aff3c2522f033339b5d0d6","teal","false","Dynamic Device Configuration V2 (mSDK, App, Cloud)","","","","Product | Bragi-app","","","PROD-613","69b185cf0c847ab4ae0009f1","2026-03-11T15:10:07.193000","2026-03-11T15:10:07.193000","69aff1e4245700ed2a34287c","benjamin.spiss@gmail.com","false"
"[""69b119d6b705fe95e0c67bcf"",""69aff2f04b4fb2a08f82c191"",""69aff3c2522f033339b5d0d6"",""69b119cecb30e08ae1f2238d""]","69b119cecb30e08ae1f2238d","pink","false","Noise - App MR01","","","","Product | Customer Release","","","PROD-636","69b185cebbf50a51b6d836aa","2026-03-11T15:10:06.698000","2026-03-11T15:10:06.698000","69aff1e4245700ed2a34287c","benjamin.spiss@gmail.com","false"
"[""69aff2f04b4fb2a08f82c191"",""69aff3c2522f033339b5d0d6"",""69aff2f04b4fb2a08f82c192"",""69aff2f04b4fb2a08f82c193""]","69aff2f04b4fb2a08f82c191","orange","false","Bragi ""AI Audio Stick"" v1 （Fireflies PoC Scope）","","","[]","New Opportunities","0","","PROD-641","69b185ccce4f7af3d010ef30","2026-03-11T15:10:04.955000","2026-03-26T09:22:14.909000","69aff1e4245700ed2a34287c","benjamin.spiss@gmail.com","false"
"[""69b119d6b705fe95e0c67bcf"",""69aff2f04b4fb2a08f82c191"",""69b119cecb30e08ae1f2238d""]","69b119cecb30e08ae1f2238d","purple","false","Ovia - ZIP23/SD - RC03","","","","Product | Customer Release","","","PROD-660","69b185cbe797633bf00d5931","2026-03-11T15:10:03.237000","2026-03-11T15:10:03.237000","69aff1e4245700ed2a34287c","benjamin.spiss@gmail.com","false"
"[""69aff2f04b4fb2a08f82c193""]","69aff2f04b4fb2a08f82c193","green","false","Voice AI V2 (Speaker recoginition (verification), Voice AI UI change from VC to Product AI)","","","","Feature","","","PROD-662","69b185c9e478e56c16423b49","2026-03-11T15:10:01.581000","2026-03-11T15:10:01.581000","69aff1e4245700ed2a34287c","benjamin.spiss@gmail.com","false"
"[""69aff2f04b4fb2a08f82c193""]","69aff2f04b4fb2a08f82c193","blue","false","Voice AI v2 (+ Speaker Separation)","","","","Feature","","","PROD-665","69b185c7217678c21a4bea0a","2026-03-11T15:09:59.893000","2026-03-11T15:09:59.893000","69aff1e4245700ed2a34287c","benjamin.spiss@gmail.com","false"
"[""69aff3c2522f033339b5d0d6""]","69aff2f04b4fb2a08f82c191","teal","false","Bluetrum | Bragi AI v2.0 enabling ""App-only"" scope","","","","Product | Platform","","","PROD-669","69b185c6f8cc61f0ddd0059a","2026-03-11T15:09:58.198000","2026-03-11T15:09:58.198000","69aff1e4245700ed2a34287c","benjamin.spiss@gmail.com","false"
"[""69aff2f04b4fb2a08f82c192"",""69aff2f04b4fb2a08f82c193""]","69aff2f04b4fb2a08f82c192","pink","false","Chat v2.1 (interrupt by voice, turn detection, memory, location, time +3 agents)","","","","Audio App","","","PROD-691","69b185c4fb2122147a065b8c","2026-03-11T15:09:56.512000","2026-03-11T15:09:56.512000","69aff1e4245700ed2a34287c","benjamin.spiss@gmail.com","false"
"[]","69aff2f04b4fb2a08f82c193","orange","false","Bose <> Bragi AI Audio App Integration","","","","Audio App","","","PROD-693","69b185c43882b08138714472","2026-03-11T15:09:56.041000","2026-03-11T15:09:56.041000","69aff1e4245700ed2a34287c","benjamin.spiss@gmail.com","false"
"[]","69aff2f04b4fb2a08f82c193","purple","false","Play for Tidal v1.0","","","","Audio App","","","PROD-696","69b185c3a59d54df67056ee0","2026-03-11T15:09:55.577000","2026-03-11T15:09:55.577000","69aff1e4245700ed2a34287c","benjamin.spiss@gmail.com","false"
"[""69aff2f04b4fb2a08f82c193""]","69aff2f04b4fb2a08f82c193","green","false","Voice AI V1.1 (on phone STT + TTS) (Bose Workbench)","","","","Feature","","","PROD-712","69b185c3d460df3f46badc83","2026-03-11T15:09:55.112000","2026-03-11T15:09:55.112000","69aff1e4245700ed2a34287c","benjamin.spiss@gmail.com","false"
"[""69aff2f04b4fb2a08f82c192""]","69aff2f04b4fb2a08f82c193","blue","false","Play for Apple Music Audio App v1.1 (web UI) ","","","","Audio App","","","PROD-713","69b185c218a878145fbf9116","2026-03-11T15:09:54.637000","2026-03-11T15:09:54.637000","69aff1e4245700ed2a34287c","benjamin.spiss@gmail.com","false"
"[""69b119dae2f92006c4346e61"",""69b119d6b705fe95e0c67bcf"",""69aff2f04b4fb2a08f82c191"",""69aff3c2522f033339b5d0d6"",""69aff2f04b4fb2a08f82c192"",""69b119cecb30e08ae1f2238d""]","69b119cecb30e08ae1f2238d","teal","false","Fender App V1 RC01","","","","Product | Customer Release","","","PROD-731","69b185c2def14df1ef2c9ebf","2026-03-11T15:09:54.139000","2026-03-11T15:09:54.139000","69aff1e4245700ed2a34287c","benjamin.spiss@gmail.com","false"
"[]","69aff2f04b4fb2a08f82c191","pink","false","mSDK Core Plugin Rollout v2 – Scripts and Tools","","","","Product | Platform","","","PROD-736","69b185c1a72b77079d89551e","2026-03-11T15:09:53.662000","2026-03-11T15:09:53.662000","69aff1e4245700ed2a34287c","benjamin.spiss@gmail.com","false"
"[""69aff2f04b4fb2a08f82c192"",""69aff2f04b4fb2a08f82c193""]","69aff2f04b4fb2a08f82c193","orange","false","Audio AppKit v1.2 (using Dev Dashboard, dynamic AA states)","","","","Audio App","","","PROD-737","69b185c1d65d921b0d85fd79","2026-03-11T15:09:53.104000","2026-03-11T15:09:53.104000","69aff1e4245700ed2a34287c","benjamin.spiss@gmail.com","false"
"[""69aff3c2522f033339b5d0d6""]","69aff2f04b4fb2a08f82c191","purple","false","BES | Bragi AI v2.0 enabling ""App-only"" scope","","","","Product | Platform","","","PROD-744","69b185c0cd59b3ea3b8e4b57","2026-03-11T15:09:52.567000","2026-03-11T15:09:52.567000","69aff1e4245700ed2a34287c","benjamin.spiss@gmail.com","false"
"[""69aff2f04b4fb2a08f82c191""]","69b119dae2f92006c4346e61","green","false","Airoha | Bragi AI v2.1 enabling ""Bragi AI"" scope","","","","Product | Platform","","","PROD-745","69b185c0221ccfb783717f56","2026-03-11T15:09:52.058000","2026-03-11T15:09:52.058000","69aff1e4245700ed2a34287c","benjamin.spiss@gmail.com","false"
"[""69aff2f04b4fb2a08f82c191"",""69aff3c2522f033339b5d0d6"",""69aff2f04b4fb2a08f82c193"",""69b119cecb30e08ae1f2238d""]","69b119d6b705fe95e0c67bcf","blue","false","QCC | Bragi AI v2.1 enabling ""Bragi AI Scope""","","","","Product | Platform","","","PROD-746","69b185be7a1c273241518cc9","2026-03-11T15:09:50.815000","2026-03-11T15:09:50.815000","69aff1e4245700ed2a34287c","benjamin.spiss@gmail.com","false"
"[""69aff2f04b4fb2a08f82c193""]","69aff2f04b4fb2a08f82c192","teal","false","Amazon - Poplar (S7Gen1 TWS)","","","","Product | Customer","","","PROD-777","69b185be5a7dea3dcadc66e1","2026-03-11T15:09:50.286000","2026-03-11T15:09:50.286000","69aff1e4245700ed2a34287c","benjamin.spiss@gmail.com","false"
"[""69aff3c2522f033339b5d0d6"",""69aff2f04b4fb2a08f82c192"",""69aff2f04b4fb2a08f82c193"",""69b119cecb30e08ae1f2238d""]","69aff2f04b4fb2a08f82c191","pink","false","Formalisation of Mobile Release Process","","","","Tech Roadmap","","","PROD-782","69b185bdab0739abb88b9e5d","2026-03-11T15:09:49.796000","2026-03-11T15:09:49.796000","69aff1e4245700ed2a34287c","benjamin.spiss@gmail.com","false"
"[""69b119d6b705fe95e0c67bcf"",""69aff3c2522f033339b5d0d6"",""69b119cecb30e08ae1f2238d""]","69aff2f04b4fb2a08f82c191","orange","false","QCC | Bragi AI v2.0 enabling ""App Only""","","","","Product | Platform","","","PROD-787","69b185bdd2c5ee6405d74d5d","2026-03-11T15:09:49.328000","2026-03-11T15:09:49.328000","69aff1e4245700ed2a34287c","benjamin.spiss@gmail.com","false"
"[""69aff3c2522f033339b5d0d6""]","69aff2f04b4fb2a08f82c191","purple","false","Bluetrum | Bragi AI v2.1 enabling ""Bragi AI"" scope","","","","Product | Platform","","","PROD-794","69b185bca15dffb12de87aad","2026-03-11T15:09:48.868000","2026-03-11T15:09:48.868000","69aff1e4245700ed2a34287c","benjamin.spiss@gmail.com","false"
"[]","69b119dae2f92006c4346e61","green","false","Enabler Team | Tech Debt & Maintenance","","","","Product | Platform","","","PROD-807","69b185bc9db6da5cdee65724","2026-03-11T15:09:48.401000","2026-03-11T15:09:48.401000","69aff1e4245700ed2a34287c","benjamin.spiss@gmail.com","false"
"[""69b119d6b705fe95e0c67bcf"",""69aff2f04b4fb2a08f82c191""]","69b119dae2f92006c4346e61","blue","false","Bragi AI via LE Audio (LE Transport) | AB1585","","","","Feature","","","PROD-808","69b185bbd3a17ddd4c810681","2026-03-11T15:09:47.903000","2026-03-11T15:09:47.903000","69aff1e4245700ed2a34287c","benjamin.spiss@gmail.com","false"
"[]","69b119d6b705fe95e0c67bcf","teal","false","Growth Team | Tech Debt & Maintenance | Q3+Q4 2025","","","","Product | Platform","","","PROD-811","69b185bbc70cf147f383b5c6","2026-03-11T15:09:47.448000","2026-03-11T15:09:47.448000","69aff1e4245700ed2a34287c","benjamin.spiss@gmail.com","false"
"[""69aff2f04b4fb2a08f82c191"",""69aff3c2522f033339b5d0d6"",""69aff2f04b4fb2a08f82c193"",""69b119cecb30e08ae1f2238d""]","69b119d6b705fe95e0c67bcf","pink","false","QCC | Bragi AI v2.2 enabling ""Bragi AI PRO"" scope","","","","Product | Platform","","","PROD-812","69b185ba101b59c82aa3f2a9","2026-03-11T15:09:46.979000","2026-03-11T15:09:46.979000","69aff1e4245700ed2a34287c","benjamin.spiss@gmail.com","false"
"[""69aff2f04b4fb2a08f82c191"",""69aff3c2522f033339b5d0d6"",""69b119cecb30e08ae1f2238d""]","69b119d6b705fe95e0c67bcf","orange","false","WQ | Bragi AI v2.2 enabling ""Bragi AI PRO"" Scope | WQ7036","","","","Product | Platform","","","PROD-814","69b185ba9db6da5cdee65722","2026-03-11T15:09:46.493000","2026-03-11T15:09:46.493000","69aff1e4245700ed2a34287c","benjamin.spiss@gmail.com","false"
"[]","69b119dae2f92006c4346e61","purple","false","Airoha | Bragi AI & USB Audio (Status Quo Evaluation)","","","","Product | Platform","","","PROD-832","69b185ba1144d603a6a51328","2026-03-11T15:09:46.012000","2026-03-11T15:09:46.012000","69aff1e4245700ed2a34287c","benjamin.spiss@gmail.com","false"
"[]","69b119dae2f92006c4346e61","green","false","AB1595 Headset – Update to latest Airoha SDK 5.6","","","","Product | Platform","","","PROD-839","69b185b9c02484a4a79b587d","2026-03-11T15:09:45.462000","2026-03-11T15:09:45.462000","69aff1e4245700ed2a34287c","benjamin.spiss@gmail.com","false"
"[""69b119dae2f92006c4346e61"",""69b119d6b705fe95e0c67bcf"",""69aff2f04b4fb2a08f82c191"",""69aff3c2522f033339b5d0d6"",""69b119cecb30e08ae1f2238d""]","69b119dae2f92006c4346e61","blue","false","EN18031 Cybersecurity | Audit","","","","Tech Roadmap","","","PROD-851","69b185b8f98ed67924d689b7","2026-03-11T15:09:44.976000","2026-03-11T15:09:44.976000","69aff1e4245700ed2a34287c","benjamin.spiss@gmail.com","false"
"[]","69aff2f04b4fb2a08f82c191","teal","false","EN18031 Cybersecurity | Implementation of Required Changes (Jieli)","","","[]","Tech Roadmap","0","","PROD-852","69b185b86e00d0c7e585e2dd","2026-03-11T15:09:44.479000","2026-03-26T09:22:09.591000","69aff1e4245700ed2a34287c","benjamin.spiss@gmail.com","false"
"[]","69aff2f04b4fb2a08f82c192","pink","false","2025 Q3 – Improve Chat AI, +2 Brand Agents, +2 AA in Play bundle, +health vertical Strava, MVPs to show future of AI in audio","","","","Strategy","","","PROD-857","69b185b7e50a69d6fa7d3671","2026-03-11T15:09:43.972000","2026-03-11T15:09:43.972000","69aff1e4245700ed2a34287c","benjamin.spiss@gmail.com","false"
"[""69aff2f04b4fb2a08f82c192"",""69aff2f04b4fb2a08f82c193""]","69aff2f04b4fb2a08f82c193","orange","false","Play for Tidal v1.0","","","","Audio App","","","PROD-859","69b185b7c1709644923467ed","2026-03-11T15:09:43.477000","2026-03-11T15:09:43.477000","69aff1e4245700ed2a34287c","benjamin.spiss@gmail.com","false"
"[]","69b119dae2f92006c4346e61","purple","false","AB1595 TWS – Update to latest Airoha SDK 5.6 (SDK 5.8!)","","","","Product | Platform","","","PROD-885","69b185b6e0d041ff1776b20f","2026-03-11T15:09:42.961000","2026-03-11T15:09:42.961000","69aff1e4245700ed2a34287c","benjamin.spiss@gmail.com","false"
"[]","69b119dae2f92006c4346e61","green","false","AB1585 Headset – Update to latest Airoha SDK 5.6 (SDK 5.8!)","","","","Product | Platform","","","PROD-886","69b185b6bcf38dab16e73393","2026-03-11T15:09:42.427000","2026-03-11T15:09:42.427000","69aff1e4245700ed2a34287c","benjamin.spiss@gmail.com","false"
"[""69b119d6b705fe95e0c67bcf"",""69aff2f04b4fb2a08f82c191""]","69b119dae2f92006c4346e61","blue","false","Bragi AI via LE Audio (LE Transport) | AB1595","","","","Feature","","","PROD-888","69b185b59bfc694e209603e1","2026-03-11T15:09:41.962000","2026-03-11T15:09:41.962000","69aff1e4245700ed2a34287c","benjamin.spiss@gmail.com","false"
"[""69aff3c2522f033339b5d0d6""]","69aff2f04b4fb2a08f82c191","teal","false","Jieli | Bragi AI v2.0 enabling ""App Only"" | JL701x & JL700x","","","","Product | Platform","","","PROD-889","69b185b509fb8b4f2b0cf43c","2026-03-11T15:09:41.463000","2026-03-11T15:09:41.463000","69aff1e4245700ed2a34287c","benjamin.spiss@gmail.com","false"
"[]","69b119d6b705fe95e0c67bcf","pink","false","Actions | Bragi AI v2.1 enabling ""Bragi AI"" scope","","","","Product | Platform","","","PROD-893","69b185b4c69b65f1eb8c4ade","2026-03-11T15:09:40.946000","2026-03-11T15:09:40.946000","69aff1e4245700ed2a34287c","benjamin.spiss@gmail.com","false"
"[]","69b119d6b705fe95e0c67bcf","orange","false","Actions | Bragi AI v2.2 enabling ""Bragi AI PRO"" scope","","","","Product | Platform","","","PROD-894","69b185b4e92ef3b524f9d648","2026-03-11T15:09:40.453000","2026-03-11T15:09:40.453000","69aff1e4245700ed2a34287c","benjamin.spiss@gmail.com","false"
"[""69aff2f04b4fb2a08f82c191""]","69b119dae2f92006c4346e61","purple","false","Airoha | Bragi AI v2.2 enabling ""Bragi AI PRO"" scope","","","","Product | Platform","","","PROD-896","69b185b353b65f8ce2b2efe0","2026-03-11T15:09:39.992000","2026-03-11T15:09:39.992000","69aff1e4245700ed2a34287c","benjamin.spiss@gmail.com","false"
"[""69aff3c2522f033339b5d0d6"",""69aff2f04b4fb2a08f82c193""]","69aff2f04b4fb2a08f82c191","green","false","Jieli | Bragi AI v2.3 enabling ""AI Display"" scope | JL701x & JL700x","","","","Product | Platform","","","PROD-898","69b185b3ec520b5591fd28fd","2026-03-11T15:09:39.472000","2026-03-11T15:09:39.472000","69aff1e4245700ed2a34287c","benjamin.spiss@gmail.com","false"
"[""69aff3c2522f033339b5d0d6"",""69b119cecb30e08ae1f2238d""]","69b119d6b705fe95e0c67bcf","blue","false","Actions | Bragi AI v2.0 enabling ""App-only"" scope","","","","Product | Platform","","","PROD-899","69b185b3af96b945e88e884f","2026-03-11T15:09:39.006000","2026-03-11T15:09:39.006000","69aff1e4245700ed2a34287c","benjamin.spiss@gmail.com","false"
"[""69aff2f04b4fb2a08f82c191"",""69aff3c2522f033339b5d0d6"",""69b119cecb30e08ae1f2238d""]","69b119d6b705fe95e0c67bcf","teal","false","WQ | Bragi AI v2.0 enabling ""App-only"" Scope","","","","Product | Platform","","","PROD-900","69b185b2e3897d2857a85f2d","2026-03-11T15:09:38.537000","2026-03-11T15:09:38.537000","69aff1e4245700ed2a34287c","benjamin.spiss@gmail.com","false"
"[""69aff3c2522f033339b5d0d6"",""69b119cecb30e08ae1f2238d""]","69aff2f04b4fb2a08f82c191","pink","false","Solution via RDP - ""P6_JL/Display"" ｜MP Scope","","","[]","Product | Platform","0","","PROD-903","69b185b2d65d921b0d85fd74","2026-03-11T15:09:38.043000","2026-03-26T09:22:08.395000","69aff1e4245700ed2a34287c","benjamin.spiss@gmail.com","false"
"[""69aff2f04b4fb2a08f82c192"",""69aff2f04b4fb2a08f82c193""]","69aff2f04b4fb2a08f82c193","orange","false","PlayKit v1.0 (Blueprint for all Play for AAs)","","","","Audio App","","","PROD-904","69b185b19b0065c39350c8ce","2026-03-11T15:09:37.565000","2026-03-11T15:09:37.565000","69aff1e4245700ed2a34287c","benjamin.spiss@gmail.com","false"
"[""69aff3c2522f033339b5d0d6"",""69aff2f04b4fb2a08f82c192""]","69aff3c2522f033339b5d0d6","purple","false","0->1  | Product Apps | Enable Natural, Voice-First Control for Effortless Device Interactions","","","","Product | Baseline-App","","","PROD-921","69b185b1c0ee46a0c7a2ab78","2026-03-11T15:09:37.072000","2026-03-11T15:09:37.072000","69aff1e4245700ed2a34287c","benjamin.spiss@gmail.com","false"
"[""69b119cecb30e08ae1f2238d""]","69aff2f04b4fb2a08f82c191","green","false","Jieli | Bragi AI v2.1 ready for Speaker","","","[]","Roadmap Initiative","0","","PROD-923","69b185b0323ddee63f3bc600","2026-03-11T15:09:36.576000","2026-03-26T09:22:07.904000","69aff1e4245700ed2a34287c","benjamin.spiss@gmail.com","false"
"[""69aff3c2522f033339b5d0d6"",""69aff2f04b4fb2a08f82c193""]","69aff2f04b4fb2a08f82c191","blue","false","Jieli | Bragi AI v2.2 enabling ""Bragi AI PRO"" scope | JL701x & JL700x","","","","Product | Platform","","","PROD-927","69b185b054215b1272e01614","2026-03-11T15:09:36.089000","2026-03-11T15:09:36.089000","69aff1e4245700ed2a34287c","benjamin.spiss@gmail.com","false"
"[""69aff2f04b4fb2a08f82c192"",""69aff2f04b4fb2a08f82c193""]","69aff2f04b4fb2a08f82c192","teal","false","Chat AI v1.1.1 (5 languages with cloud STT/TTS with old native UI for Baseus)","","","","Audio App","","","PROD-930","69b185afa48c351d9200d1f4","2026-03-11T15:09:35.626000","2026-03-11T15:09:35.626000","69aff1e4245700ed2a34287c","benjamin.spiss@gmail.com","false"
"[""69aff2f04b4fb2a08f82c192"",""69aff2f04b4fb2a08f82c193""]","69aff2f04b4fb2a08f82c192","pink","false","Leo AI v1.3.0 (interrupt, memory)","","","","Audio App","","","PROD-937","69b185af7e94e4835a125c9e","2026-03-11T15:09:35.140000","2026-03-11T15:09:35.140000","69aff1e4245700ed2a34287c","benjamin.spiss@gmail.com","false"
"[""69aff3c2522f033339b5d0d6"",""69b119cecb30e08ae1f2238d""]","69b119d6b705fe95e0c67bcf","orange","false","Bragi AI | Platform Governance System v2","","","","Capability","","","PROD-938","69b185ae58bc7843bb2332b5","2026-03-11T15:09:34.393000","2026-03-11T15:09:34.393000","69aff1e4245700ed2a34287c","benjamin.spiss@gmail.com","false"
"[""69b119dae2f92006c4346e61"",""69aff2f04b4fb2a08f82c191"",""69aff3c2522f033339b5d0d6""]","69b119d6b705fe95e0c67bcf","purple","false","EN18031 Cybersecurity | Implementation of Required Changes (QCC)","","","","Tech Roadmap","","","PROD-939","69b185ad2a0d0be54b9946d2","2026-03-11T15:09:33.908000","2026-03-11T15:09:33.908000","69aff1e4245700ed2a34287c","benjamin.spiss@gmail.com","false"
"[""69aff2f04b4fb2a08f82c191""]","69b119dae2f92006c4346e61","green","false","EN18031 Cybersecurity | Implementation of Required Changes | Airoha SDK3.7 & 5.6","","","","Tech Roadmap","","","PROD-940","69b185ad1c1abddee7e3ca21","2026-03-11T15:09:33.423000","2026-03-11T15:09:33.423000","69aff1e4245700ed2a34287c","benjamin.spiss@gmail.com","false"
"[""69b119dae2f92006c4346e61"",""69aff2f04b4fb2a08f82c191"",""69aff3c2522f033339b5d0d6"",""69aff2f04b4fb2a08f82c192""]","69b119cecb30e08ae1f2238d","blue","false","Loewe - OverEar - MR2","","","","Product | Customer Release","","","PROD-960","69b185ace1ec632dcfce7d96","2026-03-11T15:09:32.954000","2026-03-11T15:09:32.954000","69aff1e4245700ed2a34287c","benjamin.spiss@gmail.com","false"
"[""69b119dae2f92006c4346e61"",""69aff2f04b4fb2a08f82c191"",""69aff3c2522f033339b5d0d6""]","69b119cecb30e08ae1f2238d","teal","false","Pebble - Pebble Hear - DVT RC01","","","","Product | Customer Release","","","PROD-966","69b185aca0c9b07c9ad2b56b","2026-03-11T15:09:32.475000","2026-03-11T15:09:32.475000","69aff1e4245700ed2a34287c","benjamin.spiss@gmail.com","false"
"[""69b119dae2f92006c4346e61"",""69aff2f04b4fb2a08f82c191"",""69aff3c2522f033339b5d0d6""]","69b119cecb30e08ae1f2238d","pink","false","Pebble - Pebble Hear - PVT RC01","","","","Product | Customer Release","","","PROD-968","69b185acfd0bfd30e94e5304","2026-03-11T15:09:32.015000","2026-03-11T15:09:32.015000","69aff1e4245700ed2a34287c","benjamin.spiss@gmail.com","false"
"[""69b119d6b705fe95e0c67bcf"",""69aff3c2522f033339b5d0d6""]","69aff2f04b4fb2a08f82c191","orange","false","AI Display V1 | Display API","","","","Capability","","","PROD-969","69b185abed6ea4021191686a","2026-03-11T15:09:31.548000","2026-03-11T15:09:31.548000","69aff1e4245700ed2a34287c","benjamin.spiss@gmail.com","false"
"[""69b119dae2f92006c4346e61"",""69aff3c2522f033339b5d0d6"",""69aff2f04b4fb2a08f82c192""]","69b119cecb30e08ae1f2238d","purple","false","Bose - Stromae (AB1585 TWS) ","","","","Product | Customer","","","PROD-976","69b185aa77cb367934e66376","2026-03-11T15:09:30.991000","2026-03-11T15:09:30.991000","69aff1e4245700ed2a34287c","benjamin.spiss@gmail.com","false"
"[""69b119dae2f92006c4346e61"",""69aff2f04b4fb2a08f82c191"",""69aff3c2522f033339b5d0d6""]","69b119cecb30e08ae1f2238d","green","false","Bose - Stromae - DVT RC01","","","","Product | Customer Release","","","PROD-979","69b185aa0e0092df8224f57c","2026-03-11T15:09:30.537000","2026-03-11T15:09:30.537000","69aff1e4245700ed2a34287c","benjamin.spiss@gmail.com","false"
"[""69b119dae2f92006c4346e61"",""69aff2f04b4fb2a08f82c191"",""69aff3c2522f033339b5d0d6""]","69b119cecb30e08ae1f2238d","blue","false","Bose - Stromae - PVT RC01","","","","Product | Customer Release","","","PROD-980","69b185aaf2a65a2a652bb3ab","2026-03-11T15:09:30.064000","2026-03-11T15:09:30.064000","69aff1e4245700ed2a34287c","benjamin.spiss@gmail.com","false"
"[""69aff2f04b4fb2a08f82c192"",""69aff2f04b4fb2a08f82c193""]","69aff2f04b4fb2a08f82c192","teal","false","AgentKit v1.3 (multichat/agent)","","","","Audio App","","","PROD-985","69b185a9e0d041ff1776b209","2026-03-11T15:09:29.616000","2026-03-11T15:09:29.616000","69aff1e4245700ed2a34287c","benjamin.spiss@gmail.com","false"
"[""69aff2f04b4fb2a08f82c192"",""69aff2f04b4fb2a08f82c193""]","69aff2f04b4fb2a08f82c192","pink","false","Skdy Skull AI v1.2.0 (interrupt by voice, turn detection, memory, location, time)","","","","Audio App","","","PROD-986","69b185a9919ec657c70c1819","2026-03-11T15:09:29.133000","2026-03-11T15:09:29.133000","69aff1e4245700ed2a34287c","benjamin.spiss@gmail.com","false"
"[""69aff2f04b4fb2a08f82c192"",""69aff2f04b4fb2a08f82c193""]","69aff2f04b4fb2a08f82c192","orange","false","Chat v2.2 (Improvements)","","","","Audio App","","","PROD-988","69b185a8d506684c3a00fb0b","2026-03-11T15:09:28.667000","2026-03-11T15:09:28.667000","69aff1e4245700ed2a34287c","benjamin.spiss@gmail.com","false"
"[""69b119dae2f92006c4346e61"",""69b119d6b705fe95e0c67bcf"",""69aff3c2522f033339b5d0d6"",""69aff2f04b4fb2a08f82c192"",""69aff2f04b4fb2a08f82c193"",""69b119cecb30e08ae1f2238d""]","69aff2f04b4fb2a08f82c191","purple","false","Mobile Test Coverage Improvement [Phase 1]","","","","Tech Roadmap","","","PROD-989","69b185a8971ad2b37799c6f3","2026-03-11T15:09:28.065000","2026-03-11T15:09:28.065000","69aff1e4245700ed2a34287c","benjamin.spiss@gmail.com","false"
"[]","69aff2f04b4fb2a08f82c191","green","false","EN18031 Cybersecurity | Implementation of Required Changes (Bluetrum)","","","[]","Tech Roadmap","0","","PROD-996","69b185a76153409471370640","2026-03-11T15:09:27.612000","2026-03-26T09:22:05.497000","69aff1e4245700ed2a34287c","benjamin.spiss@gmail.com","false"
"[""69aff2f04b4fb2a08f82c192"",""69aff2f04b4fb2a08f82c193""]","69aff2f04b4fb2a08f82c193","blue","false","Playground v1.0 (config via AA Dashboard)","","","","Audio App","","","PROD-998","69b185a74753856a711f5786","2026-03-11T15:09:27.109000","2026-03-11T15:09:27.109000","69aff1e4245700ed2a34287c","benjamin.spiss@gmail.com","false"
"[""69aff2f04b4fb2a08f82c192"",""69aff2f04b4fb2a08f82c193""]","69aff2f04b4fb2a08f82c192","teal","false","AgentKit v1.2 (websearch, Dev Dashboard new agent config)","","","","Audio App","","","PROD-999","69b185a64753856a711f5785","2026-03-11T15:09:26.582000","2026-03-11T15:09:26.582000","69aff1e4245700ed2a34287c","benjamin.spiss@gmail.com","false"
"[""69aff2f04b4fb2a08f82c192"",""69aff2f04b4fb2a08f82c193""]","69aff2f04b4fb2a08f82c192","pink","false","Audio AppKit v1.2 (Bragi JS API v1.2)","","","","Audio App","","","PROD-1000","69b185a502a23be0703ec3af","2026-03-11T15:09:25.987000","2026-03-11T15:09:25.987000","69aff1e4245700ed2a34287c","benjamin.spiss@gmail.com","false"
"[""69aff2f04b4fb2a08f82c192"",""69aff2f04b4fb2a08f82c193""]","69aff2f04b4fb2a08f82c193","orange","false","PlayKit v1.2 (Speak to Pause, Improvements)","","","","Audio App","","","PROD-1005","69b185a51d7c5b343ac68d20","2026-03-11T15:09:25.426000","2026-03-11T15:09:25.426000","69aff1e4245700ed2a34287c","benjamin.spiss@gmail.com","false"
"[""69aff2f04b4fb2a08f82c193""]","69aff2f04b4fb2a08f82c193","purple","false","Play for Endel v1.0","","","","Audio App","","","PROD-1008","69b185a4db195794c5c198b5","2026-03-11T15:09:24.876000","2026-03-11T15:09:24.876000","69aff1e4245700ed2a34287c","benjamin.spiss@gmail.com","false"
"[]","69b119d6b705fe95e0c67bcf","green","false","Golden ADK | QCC ADK Update to latest Version","","","","Roadmap Initiative","","","PROD-1009","69b185a409577dbee0b9b90d","2026-03-11T15:09:24.293000","2026-03-11T15:09:24.293000","69aff1e4245700ed2a34287c","benjamin.spiss@gmail.com","false"
"[""69aff2f04b4fb2a08f82c191""]","69b119dae2f92006c4346e61","blue","false","Enabler contribution for CHP300 DVT ","","","","Product | Customer Release","","","PROD-1011","69b185a3b619c787d00fa76a","2026-03-11T15:09:23.805000","2026-03-11T15:09:23.805000","69aff1e4245700ed2a34287c","benjamin.spiss@gmail.com","false"
"[""69b119cecb30e08ae1f2238d""]","69b119cecb30e08ae1f2238d","teal","false","Parametrised Client Builds [Phase 1 Foundation & Prototype]","","","","Tech Roadmap","","","PROD-1012","69b185a3be73b52dafdaaf50","2026-03-11T15:09:23.332000","2026-03-11T15:09:23.332000","69aff1e4245700ed2a34287c","benjamin.spiss@gmail.com","false"
"[]","69aff3c2522f033339b5d0d6","pink","false","Cloud Domain | Improve Cloud Maintainability and Operational Efficiency","","","","Tech Roadmap","","","PROD-1028","69b185a24ce499bef9db1c42","2026-03-11T15:09:22.881000","2026-03-11T15:09:22.881000","69aff1e4245700ed2a34287c","benjamin.spiss@gmail.com","false"
"[]","69aff3c2522f033339b5d0d6","orange","false","Unify and modernize Mobile library documentation and integration guides (Phase 1)","","","","Tech Roadmap","","","PROD-1030","69b185a2ddb71e613d649cfe","2026-03-11T15:09:22.339000","2026-03-11T15:09:22.339000","69aff1e4245700ed2a34287c","benjamin.spiss@gmail.com","false"
"[""69aff3c2522f033339b5d0d6"",""69aff2f04b4fb2a08f82c192"",""69aff2f04b4fb2a08f82c193""]","69b119cecb30e08ae1f2238d","purple","false","Altec Lansing CES Demo App V1.0","","","","Product | Customer Release","","","PROD-1037","69b185a1bbbda4efe9a43099","2026-03-11T15:09:21.855000","2026-03-11T15:09:21.855000","69aff1e4245700ed2a34287c","benjamin.spiss@gmail.com","false"
"[]","69aff2f04b4fb2a08f82c193","green","false","Play for Apple Music v1.1 (Native iOS) (Bose Workbench)","","","","Audio App","","","PROD-1038","69b185a15cd408161656dbee","2026-03-11T15:09:21.399000","2026-03-11T15:09:21.399000","69aff1e4245700ed2a34287c","benjamin.spiss@gmail.com","false"
"[""69aff2f04b4fb2a08f82c191"",""69aff2f04b4fb2a08f82c192"",""69aff2f04b4fb2a08f82c193"",""69b119cecb30e08ae1f2238d""]","69aff3c2522f033339b5d0d6","blue","false","Skullcandy | One App","","","","Product | AppKit","","","PROD-1042","69b185a0b1943cf359186000","2026-03-11T15:09:20.944000","2026-03-11T15:09:20.944000","69aff1e4245700ed2a34287c","benjamin.spiss@gmail.com","false"
"[]","69b119cecb30e08ae1f2238d","teal","false","Skullcandy - Method 540 ANC MR02","","","","Product | Customer Release","","","PROD-1049","69b185a0bc70288377fe9e74","2026-03-11T15:09:20.469000","2026-03-11T15:09:20.469000","69aff1e4245700ed2a34287c","benjamin.spiss@gmail.com","false"
"[""69aff2f04b4fb2a08f82c191"",""69aff2f04b4fb2a08f82c193"",""69b119cecb30e08ae1f2238d""]","69aff3c2522f033339b5d0d6","pink","false","Strategy | Growth | AppKit (+mSDK) | 100M ","","","","Strategy","","","PROD-1068","69b1859f2a0d0be54b9946cf","2026-03-11T15:09:19.987000","2026-03-11T15:09:19.987000","69aff1e4245700ed2a34287c","benjamin.spiss@gmail.com","false"
"[]","69aff3c2522f033339b5d0d6","orange","false","Bragi AI | Baseline | Home Screen Improvements","","","","Product | Baseline-App","","","PROD-1074","69b1859f6e00d0c7e585e2cf","2026-03-11T15:09:19.508000","2026-03-11T15:09:19.508000","69aff1e4245700ed2a34287c","benjamin.spiss@gmail.com","false"
"[]","69aff3c2522f033339b5d0d6","purple","false","Bragi CMS v1 Improvements | Work smarter, not harder w/ CMS for Bragi app configurations - Cloud only","","","","Product | Bragi-DX/CX-Suite","","","PROD-1076","69b1859f2b8e1499af1bf770","2026-03-11T15:09:19.029000","2026-03-11T15:09:19.029000","69aff1e4245700ed2a34287c","benjamin.spiss@gmail.com","false"
"[""69aff2f04b4fb2a08f82c191""]","69b119d6b705fe95e0c67bcf","green","false","Amazon Poplar | Sensor Workpackage for QCC S7","","","","Product | Platform","","","PROD-1084","69b1859edef14df1ef2c9eb4","2026-03-11T15:09:18.533000","2026-03-11T15:09:18.533000","69aff1e4245700ed2a34287c","benjamin.spiss@gmail.com","false"
"[""69b119d6b705fe95e0c67bcf"",""69aff2f04b4fb2a08f82c191"",""69aff3c2522f033339b5d0d6"",""69b119cecb30e08ae1f2238d""]","69b119dae2f92006c4346e61","blue","false","AB1585 | Support Legato ""Ludwig"" Hearing Assist Frames","","","","Product | Customer","","","PROD-1109","69b1859e06686d5e961844a0","2026-03-11T15:09:18.023000","2026-03-11T15:09:18.023000","69aff1e4245700ed2a34287c","benjamin.spiss@gmail.com","false"
"[""69aff2f04b4fb2a08f82c191"",""69aff2f04b4fb2a08f82c192"",""69aff2f04b4fb2a08f82c193""]","69aff3c2522f033339b5d0d6","teal","false"," Bragi AI app | 2 App Stores Updates | Q1 '26","","","","Product | Bragi-app","","","PROD-1115","69b1859d995221c7150da872","2026-03-11T15:09:17.517000","2026-03-11T15:09:17.517000","69aff1e4245700ed2a34287c","benjamin.spiss@gmail.com","false"
"[""69aff2f04b4fb2a08f82c192"",""69aff2f04b4fb2a08f82c193""]","69aff3c2522f033339b5d0d6","pink","false"," Bragi AI AppKit |  Monthly Updates | Q1 '26","","","","Product | AppKit","","","PROD-1116","69b1859da3142eddd54c6a5c","2026-03-11T15:09:17.062000","2026-03-11T15:09:17.062000","69aff1e4245700ed2a34287c","benjamin.spiss@gmail.com","false"
"[""69aff2f04b4fb2a08f82c192""]","69aff2f04b4fb2a08f82c192","orange","false","Fireflies v1.0 (on cloud STT)","","","","Audio App","","","PROD-1119","69b1859cb9888c1b3ba0cee9","2026-03-11T15:09:16.550000","2026-03-11T15:09:16.550000","69aff1e4245700ed2a34287c","benjamin.spiss@gmail.com","false"
"[]","69aff2f04b4fb2a08f82c192","purple","false","Control AI v1.0 (replaces Voice Control, on cloud STT, TTS, LLM)","","","","Audio App","","","PROD-1122","69b1859c519fe4a8295bdb46","2026-03-11T15:09:16.095000","2026-03-11T15:09:16.095000","69aff1e4245700ed2a34287c","benjamin.spiss@gmail.com","false"
"[]","69aff2f04b4fb2a08f82c193","green","false","Play for Apple Music v2 Audio App (Bose Workbench)","","","","Audio App","","","PROD-1142","69b1859bf180e50ea67536b3","2026-03-11T15:09:15.657000","2026-03-11T15:09:15.657000","69aff1e4245700ed2a34287c","benjamin.spiss@gmail.com","false"
"[""69aff2f04b4fb2a08f82c192""]","69aff2f04b4fb2a08f82c192","blue","false","Bose Brand Agent v1.0 Audio App (cloud models Product AI, Brand Agent) (Bose Workbench)","","","","Audio App","","","PROD-1143","69b1859b52804571a7953509","2026-03-11T15:09:15.174000","2026-03-11T15:09:15.174000","69aff1e4245700ed2a34287c","benjamin.spiss@gmail.com","false"
"[]","69aff2f04b4fb2a08f82c192","teal","false","Voicemod v1.1 Audio App (Bose Workbench)","","","","Audio App","","","PROD-1146","69b1859a4130457c18c5948c","2026-03-11T15:09:14.659000","2026-03-11T15:09:14.659000","69aff1e4245700ed2a34287c","benjamin.spiss@gmail.com","false"
"[]","69aff2f04b4fb2a08f82c192","pink","false","Translate v1 Audio App (on phone models, in person meetings) (Bose Workbench)","","","","Audio App","","","PROD-1150","69b1859a9c57a195d8e553e4","2026-03-11T15:09:14.197000","2026-03-11T15:09:14.197000","69aff1e4245700ed2a34287c","benjamin.spiss@gmail.com","false"
"[""69aff3c2522f033339b5d0d6"",""69aff2f04b4fb2a08f82c192"",""69aff2f04b4fb2a08f82c193""]","69b119cecb30e08ae1f2238d","orange","false","Brussels - Bose QCE App 3.0.0","","","","Product | Customer Release","","","PROD-1156","69b185992a55c288d93c7d88","2026-03-11T15:09:13.729000","2026-03-11T15:09:13.729000","69aff1e4245700ed2a34287c","benjamin.spiss@gmail.com","false"
"[""69aff2f04b4fb2a08f82c193""]","69aff2f04b4fb2a08f82c193","purple","false","Copy of Voice AI V1.1 (on phone STT + TTS) (Bose Workbench)","","","","Feature","","","PROD-1162","69b18599d523061158464a95","2026-03-11T15:09:13.228000","2026-03-11T15:09:13.228000","69aff1e4245700ed2a34287c","benjamin.spiss@gmail.com","false"
"[""69aff2f04b4fb2a08f82c192"",""69aff2f04b4fb2a08f82c193""]","69aff2f04b4fb2a08f82c193","green","false","Dev Portal v1.2 (external web apps for new X team)","","","","Audio App","","","PROD-1164","69b18598a15dffb12de87aa5","2026-03-11T15:09:12.689000","2026-03-11T15:09:12.689000","69aff1e4245700ed2a34287c","benjamin.spiss@gmail.com","false"
"[""69aff2f04b4fb2a08f82c192"",""69aff2f04b4fb2a08f82c193""]","69aff3c2522f033339b5d0d6","blue","false","Bragi AppKit | Bose Madrid - Priority 1","","","","Roadmap Initiative","","","PROD-1170","69b185989719901932f476ea","2026-03-11T15:09:12.203000","2026-03-11T15:09:12.203000","69aff1e4245700ed2a34287c","benjamin.spiss@gmail.com","false"
"[]","69aff2f04b4fb2a08f82c193","teal","false","Play for Apple Music v1.2 (based PlayKit) ","","","","Audio App","","","PROD-1171","69b18597f8134c9f8ec12ec9","2026-03-11T15:09:11.725000","2026-03-11T15:09:11.725000","69aff1e4245700ed2a34287c","benjamin.spiss@gmail.com","false"
"[""69aff2f04b4fb2a08f82c193""]","69aff2f04b4fb2a08f82c192","pink","false","Amazon - Poplar HVT V1.0","","","","Product | Customer Release","","","PROD-1172","69b185973359bbbe9926f20e","2026-03-11T15:09:11.252000","2026-03-11T15:09:11.252000","69aff1e4245700ed2a34287c","benjamin.spiss@gmail.com","false"
"[""69aff2f04b4fb2a08f82c193""]","69aff2f04b4fb2a08f82c192","orange","false","Amazon - Poplar EVT V1.0","","","","Product | Customer Release","","","PROD-1173","69b185961b5e2297782e189f","2026-03-11T15:09:10.769000","2026-03-11T15:09:10.769000","69aff1e4245700ed2a34287c","benjamin.spiss@gmail.com","false"
"[""69aff2f04b4fb2a08f82c193""]","69aff2f04b4fb2a08f82c192","purple","false","Amazon - Poplar DVT V1.0","","","","Product | Customer Release","","","PROD-1174","69b18596c9da5f702e78a224","2026-03-11T15:09:10.258000","2026-03-11T15:09:10.258000","69aff1e4245700ed2a34287c","benjamin.spiss@gmail.com","false"
"[""69aff2f04b4fb2a08f82c193""]","69aff2f04b4fb2a08f82c192","green","false","Amazon - Poplar PVT V1.0","","","","Product | Customer Release","","","PROD-1175","69b18595c9db847b1694acc5","2026-03-11T15:09:09.665000","2026-03-11T15:09:09.665000","69aff1e4245700ed2a34287c","benjamin.spiss@gmail.com","false"
"[]","69aff3c2522f033339b5d0d6","blue","false","Bragi CMS v1.1 Improvements | Work smarter, not harder w/ CMS for Bragi app configurations - Cloud only","","","","Product | Bragi-DX/CX-Suite","","","PROD-1177","69b18595e0aeade56645ff0b","2026-03-11T15:09:09.175000","2026-03-11T15:09:09.175000","69aff1e4245700ed2a34287c","benjamin.spiss@gmail.com","false"
"[""69aff2f04b4fb2a08f82c192"",""69aff2f04b4fb2a08f82c193""]","69aff2f04b4fb2a08f82c193","teal","false","PlayKit v1.1 (Tap/Plus version, Cross Audio App API)","","","[]","Audio App","0","","PROD-1178","69b185944b7676d67f5c5bec","2026-03-11T15:09:08.696000","2026-03-26T09:18:23.340000","69aff1e4245700ed2a34287c","benjamin.spiss@gmail.com","false"
"[""69aff2f04b4fb2a08f82c192"",""69aff2f04b4fb2a08f82c193""]","69aff2f04b4fb2a08f82c192","pink","false","Audio AppKit v1.3 (Bragi JS API v1.3)","","","","Audio App","","","PROD-1182","69b18594019fd9ae42577aab","2026-03-11T15:09:08.198000","2026-03-11T15:09:08.198000","69aff1e4245700ed2a34287c","benjamin.spiss@gmail.com","false"
"[""69aff2f04b4fb2a08f82c191""]","69b119dae2f92006c4346e61","orange","false","AB1577 | Enable Bragi AI Custom (porting)","","","","Product | Platform","","","PROD-1210","69b185937e94e4835a125c99","2026-03-11T15:09:07.734000","2026-03-11T15:09:07.734000","69aff1e4245700ed2a34287c","benjamin.spiss@gmail.com","false"
"[""69aff2f04b4fb2a08f82c192""]","69aff2f04b4fb2a08f82c192","purple","false","Bose Brand Agent v1.1 Audio App (on phone models Product AI, Brand Agent) (Bose Workbench)","","","","Audio App","","","PROD-1211","69b18593ddb71e613d649cfb","2026-03-11T15:09:07.248000","2026-03-11T15:09:07.248000","69aff1e4245700ed2a34287c","benjamin.spiss@gmail.com","false"
"[""69aff2f04b4fb2a08f82c192"",""69aff2f04b4fb2a08f82c193""]","69aff2f04b4fb2a08f82c192","green","false","AgentKit v2.1 (interrupt by voice, turn detection, record mode, memory, location, time)","","","","Audio App","","","PROD-1212","69b18592419a51a099da2d6c","2026-03-11T15:09:06.773000","2026-03-11T15:09:06.773000","69aff1e4245700ed2a34287c","benjamin.spiss@gmail.com","false"
"[""69aff2f04b4fb2a08f82c192""]","69aff2f04b4fb2a08f82c192","blue","false","Fireflies v1.1 (on phone STT)","","","","Audio App","","","PROD-1215","69b18592ca17b825a0581905","2026-03-11T15:09:06.269000","2026-03-11T15:09:06.269000","69aff1e4245700ed2a34287c","benjamin.spiss@gmail.com","false"